Element;B;Be;Bi;Co;Cu;Fe;Ga;Ge;In;Li;Mg;Nb;P;Pd;Pt;Sb;Sc;Sr;Tl;V;W;Zn;HREE;LREE
Measurment unit;ppm;ppm;ppm;ppm;ppm;ppm;ppm;ppm;ppm;ppm;ppm;ppm;ppm;ppm;ppm;ppm;ppm;ppm;ppm;ppm;ppm;ppm;ppm;ppm
Sample number/LOD;1;0.1;0.02;0.1;0.01;0.01;0.1;0.1;0.02;0.1;0.01;0.02;0.001;0.01;0.01;0.02;0.1;0.5;0.02;1;0.1;0.1;;
1;185;1.6;10.39;23.6;300.37;9900;6.6;0.2;0.18;14.3;11800;0.02;5940;<0.010;0.042;224.17;2.3;351.6;0.09;27;2.6;5159;4.45;42.46
2;160;0.8;8.96;25.9;483.24;17600;6.6;0.1;0.14;12.7;10300;0.02;4730;0.016;0.039;157.36;2;286.8;0.04;27;3.1;4903.5;3.65;36.82
3;128;0.6;9.22;21;329.01;10000;6.5;0.1;0.17;11.9;11000;0.02;5430;<0.010;0.031;168.82;1.8;315.1;0.09;23;1.8;4962;3.34;34.06
4;122;0.8;7.52;25.3;404.81;13400;6.9;0.1;0.11;11.8;10500;0.04;4990;<0.010;0.033;138;1.9;307.9;0.04;26;2.7;4141.2;3.48;35.47
5;108;0.6;5.74;28.1;369.44;10800;6.3;<0.1;0.12;11.2;10700;0.02;4950;0.021;0.036;136.18;1.7;286.7;0.04;24;5;3925.2;3.11;31.66
6;128;0.6;5.77;31.5;567.39;18600;6.8;0.1;0.1;11.6;10300;0.03;4670;0.032;0.036;136.87;1.8;313.5;0.04;25;3.2;3903.5;3.32;33.84
7;118;0.6;6.18;23.4;430.93;12700;7.3;0.1;0.12;10.6;10600;0.05;4840;0.014;0.038;164.19;1.7;304;0.04;23;2;3622.8;3.77;32.14
8;104;0.6;5.29;22.7;347.77;12400;6;<0.1;0.09;9.7;9200;0.1;4480;<0.010;0.031;138.74;1.7;264.6;0.04;23;2.8;3156.7;2.98;29.73
9;135;0.5;6.9;24.8;417.76;14500;6.9;0.1;0.1;10.2;10300;0.05;4710;0.011;0.038;163.16;1.7;293.3;0.03;24;2;4148.1;4.03;32.9
10;101;0.5;5.99;23.7;335;11500;5.5;0.1;0.1;10.1;9300;<0.02;4090;0.021;0.033;146.11;1.7;263.3;0.04;23;2.3;3853.8;3.01;29.11
11;118;0.6;7.64;26;353.42;12500;5.7;0.1;0.1;10.4;9900;0.02;3950;<0.010;0.037;147.66;1.8;268.8;0.03;25;3.2;4494.3;3.16;30.09
12;113;0.5;6.32;27.6;478.18;13500;5.7;0.1;0.12;10.4;9500;<0.02;4200;<0.010;0.03;158.95;1.7;260.3;0.06;24;1.9;4521.6;3.14;30.69
13;110;0.5;7.05;23.6;303.74;13200;5.8;0.1;0.11;11;9500;0.05;4390;<0.010;0.03;144.67;1.9;249.2;0.03;25;2.6;4044.5;3.25;31.81
14;104;0.6;6;22.5;303.22;12600;6;0.1;0.1;10.7;9200;0.06;4910;<0.010;0.027;129.25;1.9;249.6;0.03;26;1.8;3685.1;3.18;32.2
15;105;0.6;5.81;22.3;305.85;12700;6;0.1;0.11;10.8;9100;0.03;4790;0.031;0.028;128.82;1.8;256.1;0.04;25;1.9;3780.3;3.19;31.82
16;129;0.6;8.23;29.1;359.8;16000;7.4;0.2;0.17;15.7;10900;<0.02;5760;0.11;0.066;142.45;2.4;358.8;0.03;30;2.8;4045.2;4.95;48.28
17;113;0.7;9.65;25.4;369.28;15200;6.9;0.2;0.17;13.6;10800;<0.02;4730;0.063;0.04;143.38;2.4;328.8;0.02;27;3.3;4720.2;4.58;43.16
18;120;0.5;9.52;26.4;342.67;16200;7.2;0.2;0.11;14.3;11100;<0.02;4890;0.059;0.034;140.26;2.3;322.8;0.04;28;3.2;4534.7;4.31;43.76
19;122;0.9;9.82;26.8;389.76;15700;7.4;0.2;0.12;14.5;11100;<0.02;4440;0.093;0.04;138.13;2.1;343.6;0.05;28;6.8;5256.8;4.79;42.96
20;132;0.2;10.76;27.3;352.32;14400;6.8;0.3;0.12;14;10900;<0.02;4540;0.098;0.041;148.94;2.1;326.4;0.03;27;2.6;5215;4.74;41.83
21;118;0.9;11.39;33.1;355.07;13900;6.7;0.2;0.1;15;11000;<0.02;4690;0.083;0.036;144.24;2.2;344.6;0.04;26;2.8;5711.4;4.53;42.25
22;136;0.5;11.85;26.7;423.39;18600;6.7;0.2;0.08;13.1;11500;<0.02;4240;0.121;0.045;151.02;2.3;379.3;0.04;30;3.7;5079.7;4.88;43.08
23;114;1.2;10.4;30.5;362.63;14800;6.9;0.1;0.06;14.1;11000;<0.02;5360;0.09;0.04;144.64;2.1;326.8;0.04;28;3.3;4734.9;4.64;42.87
24;127;0.5;9.56;19.8;315.29;13900;6.7;0.2;0.08;11.7;10600;<0.02;4870;0.099;0.035;150.98;2.2;343.5;0.03;27;4;4791.7;4.59;36.79
25;96;0.6;8.31;22.7;348.37;16400;7.7;0.1;0.1;14;9900;<0.02;4630;0.054;0.031;113.93;2.2;340.9;0.05;28;2.6;3794.1;4.77;41.32
26;80;0.3;6.04;18.2;293.84;12800;5.9;0.1;0.11;11.5;8300;0.15;4420;<0.010;0.029;114.43;1.8;245.7;0.03;22;2.3;3246.6;3.63;31.95
27;100;0.4;6.59;17;241.49;10800;5.6;<0.1;0.1;10.5;9100;0.06;4710;<0.010;0.028;111.2;1.8;271.3;<0.02;28;2;3154.1;3.67;33.93
28;94;0.8;7.28;18.9;283.8;12100;5.5;<0.1;0.11;11.6;9300;0.09;4430;<0.010;0.045;126.11;2;268.4;<0.02;24;2.5;3669.6;4.09;35.13
29;108;0.8;9.19;16;268.25;11300;5.6;0.1;0.11;10.2;9800;0.09;4510;<0.010;0.039;145.76;1.8;279.5;<0.02;28;3.3;3792.2;4.57;34.72
30;99;0.2;7.65;21.8;297.48;11200;6.3;<0.1;0.15;12;9500;0.05;4330;<0.010;0.029;123.14;1.9;287.6;<0.02;23;2.3;3607.3;4.05;36.2
